{
  "project_info": {
    "project_number": "818209614439",
    "firebase_url": "https://akrit-d43d4.firebaseio.com",
    "project_id": "akrit-d43d4",
    "storage_bucket": "akrit-d43d4.appspot.com"
  },
  "client": [
    {
      "client_info": {
        "mobilesdk_app_id": "1:818209614439:android:3b4f0daa63e57a7c",
        "android_client_info": {
          "package_name": "com.javapapers.firebaseauthdemo"
        }
      },
      "oauth_client": [
        {
          "client_id": "818209614439-c59f53macji63a847qddsd7l7n2n527f.apps.googleusercontent.com",
          "client_type": 3
        }
      ],
      "api_key": [
        {
          "current_key": "AIzaSyBono7A8kv1z_L2lanvy6QKnDzwtQcZQMQ"
        }
      ],
      "services": {
        "appinvite_service": {
          "other_platform_oauth_client": [
            {
              "client_id": "818209614439-c59f53macji63a847qddsd7l7n2n527f.apps.googleusercontent.com",
              "client_type": 3
            }
          ]
        }
      }
    }
  ],
  "configuration_version": "1"
}